Cost_bps,AnnRet,Vol,Sharpe,MaxDD,AvgTurnover
5,-0.031296453289084813,0.20467931235057843,-0.25197240176870384,-0.8097075422811326,0.5338910051382283
10,-0.03476003035828268,0.20466979134165578,-0.26943600288611563,-0.8200568727051281,0.5338910051382283
15,-0.038212252098456356,0.20466050709099987,-0.2869008969562074,-0.8298463460552485,0.5338910051382283
25,-0.045082764917302454,0.20464264899256196,-0.3218343219789538,-0.8478646029957938,0.5338910051382283
